SKU_ID,Warehouse_ID,Category,Stock_Level,Reorder_Point,Avg_Daily_Sales,Shelf_Life_Days,Last_Order_Date,Order_Fulfillment_Days,Stockout_Occurred,Return_Rate,Labor_Cost_Per_Day,days_to_stockout,is_slow_moving,month
SKU-0041,WH-1,Fresh Produce,51,38,2.24,180,2023-05-21,5,0,0.12,189.17,22.767857142857142,True,5
SKU-0015,WH-2,Bakery,86,20,4.86,7,2023-12-13,5,0,0.12,241.61,17.695473251028805,True,12
SKU-0038,WH-4,Fresh Produce,21,30,9.71,7,2023-02-17,4,0,0.19,100.16,2.1627188465499483,False,2
SKU-0015,WH-5,Frozen Foods,59,30,6.37,7,2023-10-15,2,0,0.1,186.39,9.262166405023548,False,10
SKU-0046,WH-5,Beverages,48,36,6.31,14,2023-08-18,2,1,0.01,294.75,7.6069730586370845,False,8
SKU-0001,WH-2,Bakery,14,39,1.36,60,2023-06-24,6,1,0.04,202.85,10.294117647058822,True,6
SKU-0010,WH-2,Snacks,63,34,0.94,7,2023-02-17,3,1,0.14,190.1,67.02127659574468,True,2
SKU-0007,WH-3,Snacks,17,13,9.45,90,2023-05-16,6,0,0.16,160.92,1.798941798941799,False,5
SKU-0047,WH-4,Frozen Foods,52,11,7.0,7,2024-04-17,4,1,0.02,199.04,7.428571428571429,False,4
SKU-0006,WH-5,Snacks,46,12,9.14,180,2023-11-13,4,1,0.04,251.07,5.032822757111597,False,11
SKU-0037,WH-2,Bakery,5,31,5.69,7,2023-01-24,6,0,0.01,268.46,0.8787346221441125,False,1
SKU-0050,WH-3,Fresh Produce,43,11,4.25,14,2024-03-19,4,0,0.12,284.37,10.117647058823529,True,3
SKU-0025,WH-3,Beverages,71,23,2.36,180,2024-03-03,1,1,0.19,268.91,30.084745762711865,True,3
SKU-0011,WH-3,Snacks,81,24,8.37,14,2023-12-10,2,1,0.19,221.41,9.67741935483871,False,12
SKU-0045,WH-1,Frozen Foods,40,38,8.12,180,2023-03-29,1,0,0.0,184.68,4.926108374384237,False,3
SKU-0011,WH-4,Beverages,0,21,3.29,30,2024-04-18,3,0,0.04,242.27,0.0,True,4
SKU-0044,WH-3,Fresh Produce,34,10,6.26,14,2024-02-25,2,0,0.07,123.17,5.431309904153355,False,2
SKU-0021,WH-4,Snacks,6,18,6.42,7,2023-04-19,2,1,0.02,174.16,0.9345794392523364,False,4
SKU-0014,WH-4,Beverages,61,33,6.83,180,2023-08-23,4,0,0.13,277.44,8.931185944363104,False,8
SKU-0017,WH-2,Dairy,64,12,1.64,180,2023-10-15,6,1,0.17,244.35,39.02439024390244,True,10
SKU-0048,WH-5,Beverages,13,16,0.88,90,2023-07-24,2,1,0.01,121.58,14.772727272727273,True,7
SKU-0015,WH-2,Frozen Foods,62,16,5.02,60,2023-02-16,5,0,0.1,281.51,12.350597609561754,False,2
SKU-0008,WH-2,Bakery,22,16,4.4,14,2024-02-10,3,1,0.04,288.57,5.0,True,2
SKU-0039,WH-1,Beverages,70,36,7.1,60,2023-11-02,4,1,0.19,261.62,9.859154929577466,False,11
SKU-0034,WH-3,Frozen Foods,56,30,8.78,7,2023-12-15,4,0,0.04,183.3,6.378132118451026,False,12
SKU-0044,WH-5,Snacks,61,20,3.58,180,2023-06-24,4,0,0.07,281.37,17.039106145251395,True,6
SKU-0019,WH-4,Dairy,0,34,6.65,60,2023-01-02,1,1,0.16,272.15,0.0,False,1
SKU-0033,WH-2,Frozen Foods,69,17,5.57,7,2024-03-21,6,1,0.04,123.97,12.387791741472173,False,3
SKU-0041,WH-5,Frozen Foods,43,33,9.46,14,2023-03-20,6,1,0.04,211.62,4.545454545454545,False,3
SKU-0049,WH-2,Frozen Foods,51,26,1.12,90,2024-04-15,2,0,0.19,150.36,45.535714285714285,True,4
SKU-0039,WH-3,Beverages,1,12,3.36,7,2023-02-27,1,1,0.2,153.36,0.2976190476190476,True,2
SKU-0020,WH-2,Fresh Produce,1,11,4.4,14,2024-03-25,5,0,0.07,226.87,0.22727272727272727,True,3
SKU-0006,WH-4,Fresh Produce,1,30,5.15,90,2024-01-28,6,0,0.05,234.43,0.1941747572815534,False,1
SKU-0009,WH-4,Frozen Foods,74,33,2.76,14,2023-05-16,6,1,0.07,226.46,26.811594202898554,True,5
SKU-0014,WH-5,Bakery,69,31,5.59,180,2023-04-13,1,1,0.03,201.64,12.343470483005367,False,4
SKU-0026,WH-3,Beverages,79,38,8.65,90,2023-08-20,4,0,0.14,103.32,9.132947976878611,False,8
SKU-0016,WH-2,Fresh Produce,66,28,3.81,30,2023-01-11,4,0,0.19,179.51,17.322834645669293,True,1
SKU-0038,WH-2,Fresh Produce,38,27,8.46,7,2023-12-29,3,0,0.07,122.69,4.491725768321513,False,12
SKU-0015,WH-1,Fresh Produce,22,39,7.11,30,2023-02-06,4,0,0.03,296.43,3.0942334739803092,False,2
SKU-0018,WH-4,Dairy,59,26,2.8,90,2023-03-09,6,1,0.18,280.08,21.071428571428573,True,3
SKU-0016,WH-4,Beverages,8,18,3.82,14,2023-02-18,3,0,0.17,180.9,2.094240837696335,True,2
SKU-0043,WH-4,Snacks,32,33,8.58,60,2023-07-30,1,1,0.03,279.71,3.7296037296037294,False,7
SKU-0047,WH-1,Bakery,83,39,0.59,180,2023-11-27,6,0,0.19,294.73,140.67796610169492,True,11
SKU-0004,WH-4,Bakery,17,23,5.71,30,2024-02-14,6,0,0.09,298.89,2.9772329246935203,False,2
SKU-0016,WH-2,Dairy,99,10,0.67,90,2023-08-18,6,0,0.07,249.3,147.76119402985074,True,8
SKU-0028,WH-2,Snacks,7,16,7.35,60,2023-05-08,1,0,0.11,201.76,0.9523809523809524,False,5
SKU-0029,WH-5,Fresh Produce,85,32,2.88,7,2023-11-30,6,0,0.19,178.62,29.51388888888889,True,11
SKU-0006,WH-2,Dairy,53,17,6.5,60,2023-09-06,2,1,0.07,229.02,8.153846153846153,False,9
SKU-0014,WH-4,Fresh Produce,63,10,2.35,14,2023-07-14,5,0,0.1,214.4,26.80851063829787,True,7
SKU-0025,WH-3,Beverages,63,26,0.91,30,2023-08-05,4,1,0.19,290.79,69.23076923076923,True,8
SKU-0010,WH-2,Snacks,5,12,7.6,14,2023-01-30,5,0,0.19,185.64,0.6578947368421053,False,1
SKU-0048,WH-3,Fresh Produce,52,12,9.81,7,2023-10-27,4,1,0.06,177.02,5.300713557594292,False,10
SKU-0033,WH-5,Dairy,86,10,3.51,7,2023-09-18,2,0,0.11,287.23,24.501424501424502,True,9
SKU-0012,WH-1,Frozen Foods,57,12,5.92,7,2023-12-12,2,0,0.12,298.01,9.628378378378379,False,12
SKU-0026,WH-1,Frozen Foods,65,36,3.31,14,2023-10-24,2,0,0.15,239.4,19.637462235649547,True,10
SKU-0040,WH-1,Beverages,42,31,3.92,180,2023-10-26,5,1,0.06,183.96,10.714285714285715,True,10
SKU-0017,WH-2,Bakery,49,34,6.31,180,2023-06-10,4,0,0.1,200.3,7.765451664025357,False,6
SKU-0017,WH-4,Dairy,44,29,6.67,180,2023-11-27,6,1,0.16,278.0,6.5967016491754125,False,11
SKU-0030,WH-3,Fresh Produce,86,24,4.07,7,2023-08-23,2,0,0.09,234.41,21.13022113022113,True,8
SKU-0005,WH-5,Dairy,50,34,1.97,90,2023-05-16,6,0,0.06,218.17,25.380710659898476,True,5
SKU-0023,WH-1,Dairy,85,26,0.85,30,2023-05-26,6,0,0.06,207.42,100.0,True,5
SKU-0029,WH-5,Bakery,96,17,7.81,30,2023-11-10,4,0,0.19,191.45,12.291933418693983,False,11
SKU-0043,WH-5,Snacks,5,22,2.35,180,2023-02-23,6,0,0.11,227.49,2.127659574468085,True,2
SKU-0017,WH-1,Fresh Produce,51,25,9.77,180,2023-10-11,4,0,0.14,108.21,5.220061412487206,False,10
SKU-0018,WH-3,Frozen Foods,62,28,4.67,14,2024-01-03,2,1,0.01,292.53,13.276231263383298,True,1
SKU-0014,WH-3,Frozen Foods,22,18,7.04,60,2023-05-09,1,0,0.03,131.29,3.125,False,5
SKU-0006,WH-4,Snacks,33,39,1.39,7,2023-01-02,1,1,0.13,155.99,23.741007194244606,True,1
SKU-0050,WH-2,Bakery,15,38,7.51,30,2023-03-24,5,1,0.12,183.92,1.9973368841544608,False,3
SKU-0036,WH-4,Frozen Foods,75,35,3.88,7,2023-02-27,5,0,0.02,168.38,19.329896907216494,True,2
SKU-0045,WH-2,Frozen Foods,91,14,1.39,7,2024-03-03,6,1,0.17,240.73,65.46762589928058,True,3
SKU-0038,WH-5,Dairy,75,25,1.43,60,2023-03-07,5,0,0.09,134.64,52.44755244755245,True,3
SKU-0020,WH-3,Fresh Produce,93,14,4.29,30,2023-04-18,2,0,0.19,277.34,21.678321678321677,True,4
SKU-0043,WH-1,Snacks,51,19,6.45,90,2024-03-28,2,1,0.1,207.88,7.906976744186046,False,3
SKU-0040,WH-2,Dairy,3,25,1.17,14,2024-02-14,2,0,0.01,217.16,2.5641025641025643,True,2
SKU-0027,WH-1,Dairy,90,29,5.97,180,2024-04-18,2,1,0.11,125.7,15.075376884422111,False,4
SKU-0027,WH-2,Snacks,60,28,8.3,14,2024-02-08,4,0,0.08,292.24,7.228915662650602,False,2
SKU-0025,WH-1,Beverages,73,20,2.36,14,2023-04-13,5,1,0.04,175.45,30.93220338983051,True,4
SKU-0023,WH-3,Dairy,34,32,1.18,14,2023-01-13,5,0,0.17,104.65,28.8135593220339,True,1
SKU-0026,WH-3,Snacks,33,28,3.18,7,2024-01-31,4,1,0.14,169.67,10.377358490566037,True,1
SKU-0023,WH-5,Beverages,74,38,0.87,180,2024-03-07,1,1,0.16,156.41,85.05747126436782,True,3
SKU-0002,WH-1,Snacks,9,14,7.63,14,2023-10-25,3,1,0.2,182.52,1.1795543905635648,False,10
SKU-0003,WH-1,Frozen Foods,81,26,7.88,60,2023-06-26,6,1,0.11,147.72,10.279187817258883,False,6
SKU-0028,WH-5,Frozen Foods,54,22,7.53,7,2023-07-17,3,0,0.02,280.51,7.171314741035856,False,7
SKU-0017,WH-1,Bakery,61,29,8.35,60,2023-01-01,6,0,0.06,120.0,7.3053892215568865,False,1
SKU-0024,WH-4,Fresh Produce,99,21,9.61,180,2024-04-16,3,1,0.02,163.86,10.301768990634756,False,4
SKU-0040,WH-3,Bakery,77,29,5.95,7,2024-01-04,5,1,0.02,220.49,12.941176470588236,False,1
SKU-0033,WH-3,Bakery,51,36,2.52,60,2023-06-17,5,1,0.16,257.92,20.238095238095237,True,6
SKU-0045,WH-3,Frozen Foods,52,19,9.76,14,2023-04-09,6,1,0.11,188.31,5.327868852459017,False,4
SKU-0043,WH-4,Bakery,86,38,3.83,180,2024-04-07,2,0,0.19,237.61,22.45430809399478,True,4
SKU-0040,WH-5,Snacks,57,21,8.74,60,2023-10-08,6,0,0.02,240.19,6.521739130434782,False,10
SKU-0020,WH-3,Dairy,41,18,8.31,60,2024-02-07,2,1,0.03,202.67,4.9338146811070995,False,2
SKU-0030,WH-4,Beverages,37,28,6.02,180,2023-04-20,5,1,0.07,262.56,6.146179401993356,False,4
SKU-0048,WH-2,Bakery,70,34,6.12,7,2023-05-26,4,1,0.08,116.7,11.437908496732026,False,5
SKU-0006,WH-2,Bakery,60,21,5.8,30,2023-04-26,3,0,0.05,166.05,10.344827586206897,False,4
SKU-0010,WH-1,Fresh Produce,66,22,0.61,14,2023-09-01,4,0,0.11,248.19,108.19672131147541,True,9
SKU-0030,WH-4,Bakery,71,38,8.32,90,2023-04-10,1,1,0.14,147.5,8.533653846153847,False,4
SKU-0032,WH-4,Dairy,62,37,3.21,14,2023-12-02,1,0,0.04,292.64,19.314641744548286,True,12
SKU-0049,WH-1,Beverages,43,22,9.71,14,2023-04-01,5,1,0.06,108.68,4.42842430484037,False,4
SKU-0004,WH-5,Dairy,84,20,9.23,7,2023-08-22,4,0,0.11,293.86,9.100758396533044,False,8
SKU-0030,WH-5,Frozen Foods,17,24,6.48,90,2023-06-12,6,1,0.06,299.17,2.6234567901234565,False,6
SKU-0040,WH-5,Beverages,53,31,4.15,90,2023-08-17,1,0,0.18,291.74,12.771084337349397,True,8
SKU-0048,WH-4,Beverages,15,17,4.25,30,2024-01-20,4,0,0.07,133.94,3.5294117647058822,True,1
SKU-0041,WH-3,Frozen Foods,35,35,4.19,60,2023-11-17,4,0,0.12,115.55,8.353221957040573,True,11
SKU-0018,WH-4,Fresh Produce,40,13,9.87,180,2023-05-27,6,0,0.01,155.95,4.052684903748734,False,5
SKU-0018,WH-3,Snacks,83,22,7.0,90,2023-02-11,5,0,0.03,115.24,11.857142857142858,False,2
SKU-0010,WH-2,Beverages,5,27,4.46,180,2023-03-20,5,0,0.12,183.65,1.1210762331838564,True,3
SKU-0005,WH-4,Beverages,55,39,8.73,30,2023-10-05,5,1,0.03,182.25,6.300114547537228,False,10
SKU-0027,WH-1,Dairy,64,27,9.88,60,2023-07-19,1,0,0.08,249.92,6.477732793522267,False,7
SKU-0049,WH-5,Beverages,88,31,8.38,60,2023-01-04,1,1,0.17,193.74,10.501193317422434,False,1
SKU-0020,WH-4,Beverages,98,10,0.63,90,2024-01-18,6,0,0.14,206.87,155.55555555555554,True,1
SKU-0032,WH-2,Snacks,4,15,9.18,60,2023-09-06,5,0,0.15,251.42,0.4357298474945534,False,9
SKU-0025,WH-3,Bakery,82,26,2.79,180,2024-02-13,1,1,0.03,290.81,29.39068100358423,True,2
SKU-0047,WH-2,Beverages,76,13,2.67,14,2023-11-15,1,0,0.15,109.38,28.464419475655433,True,11
SKU-0026,WH-5,Frozen Foods,94,17,0.71,180,2023-01-14,2,0,0.1,254.46,132.3943661971831,True,1
SKU-0042,WH-4,Dairy,49,21,8.26,60,2023-04-04,4,0,0.11,275.33,5.932203389830509,False,4
SKU-0017,WH-4,Snacks,56,26,1.77,14,2023-08-21,5,1,0.12,240.82,31.638418079096045,True,8
SKU-0022,WH-4,Snacks,50,16,1.8,60,2023-05-10,4,0,0.2,221.62,27.77777777777778,True,5
SKU-0031,WH-1,Bakery,81,39,5.77,90,2023-01-27,3,1,0.18,169.65,14.038128249566725,False,1
SKU-0015,WH-1,Bakery,37,10,7.94,7,2024-01-22,4,0,0.06,204.72,4.659949622166247,False,1
SKU-0016,WH-2,Fresh Produce,80,14,8.07,90,2023-03-20,2,0,0.19,198.42,9.913258983890954,False,3
SKU-0009,WH-4,Bakery,83,33,0.94,7,2023-10-16,6,0,0.1,165.75,88.29787234042554,True,10
SKU-0030,WH-3,Snacks,42,25,3.74,14,2023-11-07,1,0,0.09,216.95,11.22994652406417,True,11
SKU-0050,WH-2,Snacks,74,31,7.13,7,2023-10-24,4,0,0.04,169.13,10.378681626928472,False,10
SKU-0020,WH-5,Bakery,66,12,5.39,60,2023-07-23,2,0,0.12,144.77,12.244897959183675,False,7
SKU-0005,WH-5,Bakery,20,14,3.78,180,2023-05-05,2,0,0.04,117.74,5.291005291005291,True,5
SKU-0045,WH-3,Bakery,0,14,4.88,90,2024-02-17,2,0,0.18,125.75,0.0,True,2
SKU-0037,WH-1,Snacks,89,22,3.56,90,2023-08-08,2,1,0.16,225.58,25.0,True,8
SKU-0005,WH-5,Bakery,55,39,1.99,30,2023-01-07,5,1,0.0,273.66,27.63819095477387,True,1
SKU-0032,WH-1,Beverages,7,26,6.17,30,2023-11-22,4,1,0.04,174.09,1.1345218800648298,False,11
SKU-0046,WH-2,Beverages,85,23,6.37,14,2024-01-11,6,1,0.09,249.49,13.343799058084771,False,1
SKU-0040,WH-5,Beverages,13,36,2.9,60,2023-08-12,3,1,0.18,202.34,4.482758620689656,True,8
SKU-0021,WH-2,Fresh Produce,17,35,3.86,30,2024-03-27,3,1,0.05,153.85,4.404145077720208,True,3
SKU-0016,WH-4,Frozen Foods,27,19,5.86,90,2023-12-09,1,1,0.04,165.5,4.607508532423208,False,12
SKU-0022,WH-1,Beverages,43,34,8.96,30,2023-04-04,4,1,0.09,171.02,4.799107142857142,False,4
SKU-0014,WH-3,Snacks,17,24,6.05,30,2023-05-24,6,1,0.12,249.09,2.809917355371901,False,5
SKU-0036,WH-1,Frozen Foods,82,19,3.2,14,2023-02-13,6,0,0.18,221.51,25.625,True,2
SKU-0047,WH-4,Beverages,58,33,5.23,90,2024-01-24,6,0,0.12,147.45,11.089866156787762,False,1
SKU-0045,WH-4,Bakery,21,30,1.95,180,2023-09-09,4,1,0.17,117.58,10.76923076923077,True,9
SKU-0002,WH-1,Snacks,93,33,9.02,14,2023-07-27,3,0,0.1,182.08,10.310421286031042,False,7
SKU-0020,WH-5,Snacks,35,33,1.56,60,2023-10-11,2,1,0.12,283.48,22.435897435897434,True,10
SKU-0028,WH-5,Snacks,78,15,9.76,30,2023-12-26,6,1,0.03,233.73,7.991803278688525,False,12
SKU-0018,WH-3,Snacks,56,11,5.79,14,2023-03-03,2,0,0.06,253.9,9.671848013816925,False,3
SKU-0021,WH-1,Bakery,69,35,3.57,90,2024-05-01,3,0,0.04,247.25,19.327731092436977,True,5
SKU-0013,WH-2,Bakery,11,24,7.22,60,2023-05-22,6,1,0.06,216.25,1.5235457063711912,False,5
SKU-0007,WH-2,Snacks,10,13,3.55,14,2023-07-04,3,0,0.01,167.32,2.8169014084507045,True,7
SKU-0020,WH-1,Bakery,9,14,1.1,90,2023-03-06,4,1,0.04,236.91,8.181818181818182,True,3
SKU-0003,WH-1,Frozen Foods,83,10,1.82,30,2023-12-24,1,0,0.15,219.13,45.604395604395606,True,12
SKU-0041,WH-4,Fresh Produce,23,15,4.41,7,2023-10-21,6,1,0.02,270.15,5.215419501133787,True,10
SKU-0031,WH-4,Beverages,59,21,4.38,30,2023-04-05,5,0,0.15,287.67,13.470319634703197,True,4
SKU-0017,WH-4,Fresh Produce,75,12,1.13,7,2023-07-25,6,1,0.01,256.3,66.3716814159292,True,7
SKU-0005,WH-5,Bakery,10,18,7.63,180,2023-01-28,4,0,0.03,132.85,1.3106159895150722,False,1
SKU-0010,WH-5,Snacks,4,28,6.82,7,2023-05-08,2,0,0.18,163.24,0.5865102639296187,False,5
SKU-0036,WH-4,Frozen Foods,41,34,6.99,90,2024-02-09,6,0,0.18,224.82,5.86552217453505,False,2
SKU-0050,WH-5,Beverages,96,32,4.67,60,2024-04-10,1,1,0.05,279.91,20.556745182012847,True,4
SKU-0020,WH-5,Beverages,65,23,1.13,30,2023-10-19,3,0,0.11,186.31,57.522123893805315,True,10
SKU-0040,WH-1,Dairy,66,16,7.44,180,2023-04-19,2,1,0.03,258.81,8.870967741935484,False,4
SKU-0043,WH-1,Dairy,28,10,5.57,14,2023-03-30,3,0,0.16,130.33,5.026929982046679,False,3
SKU-0011,WH-1,Beverages,96,38,2.86,60,2023-12-19,1,1,0.01,213.98,33.56643356643357,True,12
SKU-0019,WH-1,Dairy,9,14,8.83,30,2023-12-28,1,1,0.02,207.3,1.0192525481313703,False,12
SKU-0045,WH-4,Fresh Produce,46,13,4.84,180,2023-04-30,4,1,0.08,259.46,9.50413223140496,True,4
SKU-0041,WH-5,Bakery,4,38,2.68,14,2023-08-06,4,0,0.15,102.44,1.4925373134328357,True,8
SKU-0035,WH-2,Bakery,35,13,7.3,14,2024-04-10,3,1,0.07,136.32,4.794520547945206,False,4
SKU-0010,WH-1,Fresh Produce,73,17,6.04,14,2024-02-10,2,1,0.19,130.67,12.086092715231787,False,2
SKU-0039,WH-5,Snacks,12,17,5.31,60,2023-03-05,1,1,0.05,245.22,2.2598870056497176,False,3
SKU-0045,WH-3,Bakery,42,21,1.47,60,2024-04-27,4,1,0.16,104.6,28.571428571428573,True,4
SKU-0033,WH-5,Beverages,91,35,1.15,60,2023-02-11,3,0,0.15,286.87,79.1304347826087,True,2
SKU-0028,WH-3,Frozen Foods,85,20,4.78,30,2023-01-14,6,0,0.05,133.1,17.782426778242677,True,1
SKU-0015,WH-5,Frozen Foods,35,31,8.46,7,2024-01-27,1,1,0.17,203.77,4.137115839243498,False,1
SKU-0037,WH-1,Dairy,39,24,4.29,60,2023-09-23,1,1,0.15,141.12,9.090909090909092,True,9
SKU-0018,WH-2,Frozen Foods,56,30,6.24,60,2023-11-22,3,1,0.08,207.48,8.974358974358974,False,11
SKU-0006,WH-4,Snacks,74,15,3.79,60,2023-06-20,2,1,0.1,283.69,19.525065963060687,True,6
SKU-0043,WH-1,Dairy,42,36,4.8,30,2023-07-30,3,1,0.05,215.53,8.75,True,7
SKU-0019,WH-4,Frozen Foods,51,15,0.82,7,2023-08-21,1,0,0.07,216.12,62.19512195121951,True,8
SKU-0021,WH-3,Snacks,21,35,0.62,7,2024-01-31,5,1,0.1,295.11,33.87096774193549,True,1
SKU-0033,WH-1,Bakery,48,29,4.44,90,2023-08-25,4,1,0.11,136.89,10.81081081081081,True,8
SKU-0004,WH-2,Frozen Foods,70,10,3.44,30,2023-11-15,6,1,0.15,141.98,20.348837209302324,True,11
SKU-0041,WH-4,Fresh Produce,82,39,2.45,14,2023-05-17,5,0,0.12,175.55,33.46938775510204,True,5
SKU-0019,WH-4,Bakery,15,17,6.08,60,2023-03-04,1,0,0.16,190.66,2.4671052631578947,False,3
SKU-0041,WH-5,Dairy,65,31,4.69,180,2023-03-23,2,1,0.1,253.07,13.859275053304902,True,3
SKU-0036,WH-1,Frozen Foods,3,10,3.68,60,2023-02-17,3,0,0.07,154.15,0.8152173913043478,True,2
SKU-0008,WH-4,Fresh Produce,33,37,8.11,180,2024-03-02,4,0,0.17,273.4,4.069050554870531,False,3
SKU-0032,WH-3,Frozen Foods,7,10,5.74,180,2023-05-20,3,1,0.05,234.38,1.2195121951219512,False,5
SKU-0031,WH-4,Dairy,71,31,3.72,60,2023-10-10,5,0,0.04,230.55,19.086021505376344,True,10
SKU-0025,WH-2,Frozen Foods,7,11,8.15,90,2024-01-18,6,0,0.12,261.37,0.8588957055214723,False,1
SKU-0005,WH-3,Beverages,15,13,9.47,30,2024-04-23,6,1,0.04,158.63,1.583949313621964,False,4
SKU-0001,WH-3,Bakery,47,27,0.62,30,2024-03-04,1,1,0.04,105.31,75.80645161290323,True,3
SKU-0010,WH-4,Frozen Foods,18,13,6.61,60,2023-06-26,2,1,0.18,263.49,2.723146747352496,False,6
SKU-0036,WH-5,Beverages,19,20,2.96,60,2024-04-22,2,1,0.07,106.85,6.418918918918919,True,4
SKU-0013,WH-2,Frozen Foods,19,14,3.78,60,2023-04-30,6,1,0.07,272.21,5.026455026455027,True,4
SKU-0003,WH-3,Bakery,98,29,9.76,60,2023-12-28,4,1,0.03,273.69,10.040983606557377,False,12
SKU-0025,WH-2,Beverages,58,23,4.98,7,2023-03-06,1,1,0.1,202.49,11.646586345381525,True,3
SKU-0007,WH-4,Fresh Produce,8,17,7.14,90,2024-04-11,1,1,0.05,127.87,1.1204481792717087,False,4
SKU-0001,WH-2,Beverages,3,35,5.49,180,2023-03-21,5,0,0.14,236.64,0.5464480874316939,False,3
SKU-0031,WH-3,Snacks,69,27,5.53,90,2023-12-21,2,1,0.12,154.81,12.47739602169982,False,12
SKU-0042,WH-1,Snacks,16,14,6.69,180,2024-03-15,2,1,0.14,121.32,2.3916292974588935,False,3
SKU-0021,WH-4,Frozen Foods,85,30,3.0,7,2023-11-13,6,0,0.15,150.15,28.333333333333332,True,11
SKU-0016,WH-3,Dairy,52,16,5.95,180,2023-02-16,1,1,0.08,176.63,8.739495798319327,False,2
SKU-0007,WH-1,Beverages,45,11,2.08,14,2023-12-22,3,1,0.04,118.07,21.634615384615383,True,12
SKU-0002,WH-1,Snacks,25,38,4.2,7,2023-05-31,3,1,0.07,243.81,5.9523809523809526,True,5
SKU-0024,WH-4,Dairy,38,17,5.88,14,2023-09-29,2,1,0.08,290.82,6.462585034013606,False,9
SKU-0037,WH-2,Dairy,21,14,5.1,14,2023-02-10,2,1,0.01,152.45,4.11764705882353,False,2
SKU-0040,WH-2,Beverages,98,29,0.99,90,2023-03-15,6,0,0.19,130.93,98.98989898989899,True,3
SKU-0030,WH-3,Beverages,72,35,5.01,30,2023-12-08,1,0,0.02,245.64,14.371257485029941,False,12
SKU-0030,WH-3,Bakery,88,38,7.04,90,2023-03-22,2,0,0.09,115.19,12.5,False,3
SKU-0029,WH-3,Frozen Foods,43,28,3.09,30,2023-11-24,2,1,0.02,162.92,13.915857605177994,True,11
SKU-0045,WH-3,Beverages,58,36,9.64,30,2023-04-12,1,1,0.19,189.2,6.016597510373444,False,4
SKU-0031,WH-1,Dairy,46,21,5.65,60,2023-10-20,3,1,0.15,261.31,8.141592920353983,False,10
SKU-0037,WH-3,Bakery,86,14,7.08,30,2023-01-12,6,1,0.2,280.67,12.146892655367232,False,1
SKU-0018,WH-1,Frozen Foods,11,24,7.09,180,2024-02-03,1,0,0.19,107.89,1.5514809590973202,False,2
SKU-0039,WH-4,Snacks,9,25,9.29,14,2023-11-07,2,1,0.11,283.1,0.9687836383207751,False,11
SKU-0015,WH-2,Frozen Foods,13,24,7.13,30,2023-12-14,1,0,0.04,123.06,1.8232819074333801,False,12
SKU-0041,WH-1,Bakery,58,32,8.06,180,2023-01-21,6,1,0.01,191.03,7.196029776674938,False,1
SKU-0029,WH-1,Frozen Foods,58,19,6.62,30,2024-01-10,6,0,0.12,146.0,8.761329305135952,False,1
SKU-0006,WH-3,Snacks,59,22,1.23,180,2023-08-01,5,0,0.11,188.21,47.96747967479675,True,8
SKU-0013,WH-2,Frozen Foods,86,21,5.94,30,2023-09-29,1,1,0.11,232.33,14.478114478114477,False,9
SKU-0011,WH-3,Beverages,12,27,5.44,30,2024-01-18,5,1,0.12,146.59,2.205882352941176,False,1
SKU-0008,WH-4,Fresh Produce,54,12,8.77,14,2024-01-22,6,0,0.0,137.09,6.1573546180159635,False,1
SKU-0044,WH-4,Frozen Foods,17,12,1.17,30,2023-02-16,6,1,0.07,253.44,14.529914529914532,True,2
SKU-0001,WH-3,Frozen Foods,92,39,5.06,7,2023-08-21,1,1,0.12,154.34,18.181818181818183,False,8
SKU-0044,WH-3,Frozen Foods,9,39,4.47,60,2024-02-26,4,1,0.15,147.76,2.0134228187919465,True,2
SKU-0007,WH-2,Beverages,2,22,3.87,7,2023-11-14,6,1,0.17,243.11,0.5167958656330749,True,11
SKU-0040,WH-2,Bakery,36,34,3.13,7,2023-11-22,5,1,0.2,185.55,11.501597444089457,True,11
SKU-0045,WH-3,Bakery,48,34,6.96,60,2023-03-01,4,0,0.19,259.6,6.8965517241379315,False,3
SKU-0003,WH-1,Snacks,42,37,4.47,60,2023-03-01,6,0,0.12,280.74,9.395973154362416,True,3
SKU-0016,WH-5,Dairy,97,34,7.56,60,2023-08-21,4,1,0.05,288.55,12.83068783068783,False,8
SKU-0043,WH-5,Beverages,62,31,6.27,90,2024-01-16,5,0,0.02,109.39,9.88835725677831,False,1
SKU-0027,WH-1,Beverages,56,35,0.85,90,2023-07-28,2,1,0.16,170.03,65.88235294117648,True,7
SKU-0003,WH-3,Dairy,4,31,9.71,60,2023-08-16,1,0,0.1,219.45,0.4119464469618949,False,8
SKU-0024,WH-1,Bakery,60,36,4.26,30,2023-10-06,2,1,0.1,299.27,14.084507042253522,True,10
SKU-0004,WH-4,Snacks,2,12,2.63,14,2023-03-04,5,1,0.11,218.59,0.7604562737642586,True,3
SKU-0006,WH-2,Bakery,13,14,1.37,180,2023-11-02,1,0,0.08,154.59,9.48905109489051,True,11
SKU-0004,WH-3,Dairy,28,18,0.92,14,2024-02-07,2,0,0.17,261.9,30.434782608695652,True,2
SKU-0005,WH-5,Dairy,39,34,5.73,90,2023-04-21,3,0,0.06,150.53,6.806282722513089,False,4
SKU-0022,WH-2,Frozen Foods,37,17,7.11,7,2023-05-22,2,0,0.11,292.42,5.20393811533052,False,5
SKU-0009,WH-5,Snacks,47,22,9.0,14,2023-02-26,5,0,0.17,199.03,5.222222222222222,False,2
SKU-0009,WH-1,Snacks,95,39,6.13,14,2023-10-29,2,1,0.11,232.42,15.497553017944535,False,10
SKU-0002,WH-2,Snacks,39,36,8.71,7,2023-03-06,1,1,0.18,259.49,4.477611940298507,False,3
SKU-0034,WH-1,Bakery,39,37,8.58,7,2023-09-01,3,1,0.03,166.8,4.545454545454546,False,9
SKU-0050,WH-3,Frozen Foods,44,34,9.34,90,2023-02-25,4,1,0.12,250.54,4.710920770877944,False,2
SKU-0033,WH-2,Frozen Foods,6,14,8.87,7,2024-01-08,2,1,0.09,275.81,0.6764374295377679,False,1
SKU-0030,WH-1,Fresh Produce,41,19,8.29,60,2024-03-09,5,1,0.15,132.15,4.94571773220748,False,3
SKU-0028,WH-1,Beverages,99,11,8.41,180,2024-04-10,5,1,0.05,138.63,11.771700356718192,False,4
SKU-0005,WH-1,Snacks,12,23,3.6,90,2023-03-17,1,0,0.13,151.96,3.333333333333333,True,3
SKU-0009,WH-3,Frozen Foods,59,33,8.28,180,2023-10-27,6,1,0.06,103.69,7.1256038647343,False,10
SKU-0025,WH-5,Frozen Foods,95,11,3.75,30,2023-08-21,4,1,0.04,250.74,25.333333333333332,True,8
SKU-0007,WH-1,Bakery,21,13,2.15,180,2024-03-25,4,0,0.01,160.19,9.767441860465116,True,3
SKU-0028,WH-4,Dairy,16,21,1.14,60,2023-06-23,2,1,0.09,111.58,14.035087719298247,True,6
SKU-0026,WH-4,Bakery,81,27,9.91,7,2023-06-10,5,1,0.09,229.51,8.173562058526741,False,6
SKU-0021,WH-3,Snacks,51,38,4.14,14,2023-12-18,5,1,0.0,164.72,12.318840579710146,True,12
SKU-0005,WH-1,Fresh Produce,78,28,2.9,7,2023-08-10,2,0,0.03,193.71,26.896551724137932,True,8
SKU-0048,WH-3,Dairy,3,26,1.47,90,2023-01-31,1,1,0.03,258.96,2.0408163265306123,True,1
SKU-0043,WH-1,Beverages,28,20,2.6,30,2024-03-23,2,1,0.15,146.01,10.769230769230768,True,3
SKU-0047,WH-1,Snacks,74,36,8.75,90,2023-06-09,6,1,0.03,186.47,8.457142857142857,False,6
SKU-0007,WH-5,Frozen Foods,20,24,4.49,14,2023-03-21,3,1,0.19,252.02,4.4543429844097995,True,3
SKU-0015,WH-1,Snacks,68,12,3.46,90,2023-07-08,2,0,0.18,145.99,19.653179190751445,True,7
SKU-0049,WH-3,Frozen Foods,60,12,0.8,14,2024-02-18,1,1,0.14,212.55,75.0,True,2
SKU-0036,WH-5,Frozen Foods,79,36,9.7,180,2023-11-26,6,0,0.04,118.23,8.144329896907218,False,11
SKU-0039,WH-3,Fresh Produce,7,24,4.81,14,2023-05-20,2,1,0.15,225.24,1.4553014553014554,True,5
SKU-0022,WH-3,Fresh Produce,63,21,0.81,14,2024-03-21,4,0,0.19,137.09,77.77777777777777,True,3
SKU-0037,WH-4,Fresh Produce,14,34,0.51,14,2024-01-15,1,0,0.12,149.51,27.45098039215686,True,1
SKU-0006,WH-5,Dairy,8,15,2.64,60,2023-08-03,4,1,0.01,216.39,3.0303030303030303,True,8
SKU-0022,WH-2,Snacks,1,33,4.62,30,2024-01-05,5,1,0.03,192.92,0.21645021645021645,True,1
SKU-0050,WH-5,Frozen Foods,93,27,5.06,7,2024-03-28,6,0,0.06,239.0,18.379446640316207,False,3
SKU-0010,WH-2,Frozen Foods,32,37,7.91,7,2023-12-12,3,0,0.1,120.99,4.04551201011378,False,12
SKU-0018,WH-4,Bakery,16,21,9.87,60,2023-09-06,6,1,0.12,240.49,1.6210739614994936,False,9
SKU-0027,WH-3,Dairy,73,17,0.59,90,2023-02-28,4,1,0.01,206.85,123.72881355932203,True,2
SKU-0028,WH-1,Snacks,76,39,0.82,180,2023-12-14,4,1,0.07,164.42,92.6829268292683,True,12
SKU-0034,WH-3,Fresh Produce,37,16,2.41,14,2023-07-22,2,0,0.16,140.03,15.352697095435683,True,7
SKU-0001,WH-2,Snacks,43,26,9.54,14,2024-01-28,5,0,0.14,106.32,4.507337526205451,False,1
SKU-0049,WH-3,Snacks,5,18,0.99,30,2023-03-03,1,0,0.14,274.19,5.05050505050505,True,3
SKU-0032,WH-4,Dairy,49,37,8.12,14,2023-07-14,6,0,0.12,196.88,6.03448275862069,False,7
SKU-0033,WH-5,Bakery,74,29,5.75,30,2023-02-06,6,1,0.16,190.46,12.869565217391305,False,2
SKU-0048,WH-1,Beverages,2,18,2.06,7,2023-08-24,6,0,0.02,112.07,0.970873786407767,True,8
SKU-0021,WH-5,Beverages,86,21,2.02,90,2023-07-27,5,1,0.12,165.8,42.57425742574257,True,7
SKU-0019,WH-1,Beverages,99,22,2.23,7,2023-06-16,5,0,0.13,199.64,44.39461883408072,True,6
SKU-0040,WH-4,Bakery,81,15,7.33,30,2023-02-15,6,1,0.07,208.5,11.050477489768076,False,2
SKU-0007,WH-2,Beverages,58,12,1.27,90,2023-07-25,3,0,0.14,114.44,45.669291338582674,True,7
SKU-0026,WH-3,Bakery,62,24,2.95,30,2023-04-24,4,1,0.03,292.16,21.01694915254237,True,4
SKU-0050,WH-2,Fresh Produce,57,38,8.54,90,2023-11-21,5,0,0.07,174.21,6.674473067915692,False,11
SKU-0034,WH-5,Dairy,19,37,0.88,30,2023-06-29,1,0,0.1,217.61,21.59090909090909,True,6
SKU-0016,WH-1,Dairy,97,13,8.8,30,2023-04-12,2,0,0.16,231.0,11.022727272727272,False,4
SKU-0039,WH-2,Bakery,57,31,3.91,7,2023-04-01,3,1,0.12,226.31,14.578005115089514,True,4
SKU-0030,WH-5,Frozen Foods,14,10,1.75,60,2023-12-15,4,1,0.18,135.94,8.0,True,12
SKU-0041,WH-3,Dairy,43,23,9.73,60,2023-02-04,5,1,0.17,198.46,4.419321685508736,False,2
SKU-0029,WH-3,Snacks,61,31,8.77,90,2023-01-29,6,1,0.1,171.85,6.955530216647663,False,1
SKU-0033,WH-1,Snacks,1,16,2.05,60,2023-08-20,3,0,0.06,179.81,0.48780487804878053,True,8
SKU-0004,WH-3,Snacks,34,14,0.59,7,2023-11-27,1,0,0.15,126.17,57.6271186440678,True,11
SKU-0040,WH-5,Frozen Foods,44,32,4.81,60,2023-08-25,3,0,0.18,188.4,9.147609147609149,True,8
SKU-0029,WH-5,Bakery,79,19,4.76,14,2023-06-14,4,1,0.17,186.18,16.596638655462186,True,6
SKU-0033,WH-2,Fresh Produce,19,17,6.36,60,2023-02-22,1,1,0.05,171.85,2.9874213836477987,False,2
SKU-0046,WH-1,Frozen Foods,27,34,6.25,180,2023-03-30,5,0,0.11,256.36,4.32,False,3
SKU-0016,WH-4,Beverages,43,33,6.06,90,2023-09-25,6,0,0.04,122.38,7.095709570957096,False,9
SKU-0024,WH-3,Snacks,77,11,1.67,60,2023-07-29,5,1,0.19,107.87,46.10778443113772,True,7
SKU-0044,WH-5,Fresh Produce,34,15,2.21,180,2023-11-28,3,1,0.06,201.45,15.384615384615385,True,11
SKU-0005,WH-3,Fresh Produce,77,21,1.91,90,2023-12-14,5,1,0.1,237.19,40.31413612565445,True,12
SKU-0019,WH-3,Bakery,97,34,6.57,180,2024-04-09,1,0,0.12,150.84,14.76407914764079,False,4
SKU-0022,WH-1,Frozen Foods,42,27,3.76,180,2023-03-14,6,1,0.03,105.99,11.170212765957448,True,3
SKU-0020,WH-4,Dairy,44,29,7.19,90,2023-12-29,2,0,0.15,132.48,6.119610570236439,False,12
SKU-0020,WH-5,Beverages,84,10,7.44,180,2024-02-10,5,1,0.09,273.63,11.29032258064516,False,2
SKU-0009,WH-5,Fresh Produce,85,24,7.08,180,2023-12-10,2,1,0.07,103.5,12.005649717514125,False,12
SKU-0033,WH-3,Fresh Produce,81,26,8.39,30,2023-06-08,1,0,0.01,286.19,9.65435041716329,False,6
SKU-0014,WH-3,Beverages,45,13,6.93,14,2023-04-26,3,0,0.19,265.37,6.4935064935064934,False,4
SKU-0010,WH-1,Snacks,47,14,5.98,7,2023-09-17,6,0,0.13,299.88,7.8595317725752505,False,9
SKU-0043,WH-3,Frozen Foods,69,18,8.73,14,2023-11-02,1,1,0.17,256.48,7.903780068728522,False,11
SKU-0010,WH-2,Dairy,76,18,1.54,180,2024-01-30,2,0,0.08,165.41,49.35064935064935,True,1
SKU-0047,WH-4,Fresh Produce,18,15,9.06,60,2023-07-06,5,0,0.16,187.12,1.9867549668874172,False,7
SKU-0029,WH-5,Snacks,74,10,1.64,180,2024-02-06,6,1,0.13,165.68,45.1219512195122,True,2
SKU-0015,WH-5,Dairy,64,21,6.29,30,2024-02-19,5,1,0.08,209.7,10.174880763116057,False,2
SKU-0013,WH-3,Bakery,32,26,5.68,90,2023-08-14,3,1,0.05,114.64,5.633802816901409,False,8
SKU-0050,WH-3,Beverages,98,17,6.85,90,2023-09-28,2,1,0.15,200.09,14.306569343065695,False,9
SKU-0011,WH-2,Frozen Foods,84,35,9.54,14,2024-03-22,2,1,0.1,105.13,8.805031446540882,False,3
SKU-0004,WH-4,Snacks,25,34,4.11,90,2024-04-23,2,0,0.11,149.21,6.08272506082725,True,4
SKU-0046,WH-5,Fresh Produce,99,24,4.25,30,2023-02-12,6,0,0.15,243.1,23.294117647058822,True,2
SKU-0018,WH-4,Frozen Foods,42,22,8.31,14,2024-03-01,3,1,0.0,229.49,5.054151624548736,False,3
SKU-0006,WH-2,Beverages,14,34,6.72,30,2024-04-21,3,0,0.01,286.89,2.0833333333333335,False,4
SKU-0027,WH-1,Beverages,85,28,1.46,90,2023-07-11,5,0,0.12,204.62,58.21917808219178,True,7
SKU-0025,WH-1,Snacks,26,38,8.13,14,2023-01-15,3,1,0.12,117.93,3.198031980319803,False,1
SKU-0007,WH-3,Dairy,29,27,4.3,14,2023-01-20,5,1,0.08,124.38,6.744186046511628,True,1
SKU-0031,WH-2,Bakery,74,16,6.97,60,2023-08-18,2,0,0.16,136.92,10.616929698708752,False,8
SKU-0006,WH-1,Snacks,62,33,8.04,14,2024-03-03,5,0,0.05,292.59,7.711442786069653,False,3
SKU-0036,WH-5,Frozen Foods,67,31,8.16,60,2023-02-26,1,1,0.07,205.3,8.21078431372549,False,2
SKU-0016,WH-3,Fresh Produce,46,36,0.52,7,2023-05-03,6,1,0.16,276.84,88.46153846153845,True,5
SKU-0041,WH-5,Beverages,8,35,2.51,7,2023-02-26,2,1,0.03,172.15,3.1872509960159365,True,2
SKU-0039,WH-5,Fresh Produce,41,17,7.81,180,2023-09-21,1,0,0.05,256.11,5.249679897567222,False,9
SKU-0046,WH-2,Snacks,49,33,8.31,60,2023-01-01,4,1,0.13,261.91,5.896510228640192,False,1
SKU-0016,WH-5,Beverages,18,13,1.92,14,2023-12-07,2,0,0.03,147.05,9.375,True,12
SKU-0034,WH-3,Fresh Produce,97,10,2.56,90,2023-10-06,1,0,0.04,162.45,37.890625,True,10
SKU-0025,WH-4,Fresh Produce,34,37,2.46,180,2023-07-18,3,1,0.05,178.18,13.821138211382115,True,7
SKU-0017,WH-1,Snacks,56,39,1.85,7,2023-06-26,3,0,0.12,235.17,30.27027027027027,True,6
SKU-0047,WH-1,Frozen Foods,41,31,4.74,180,2024-01-23,1,1,0.14,298.25,8.649789029535864,True,1
SKU-0009,WH-1,Snacks,59,23,1.49,90,2023-06-23,2,0,0.07,281.1,39.59731543624161,True,6
SKU-0050,WH-4,Bakery,35,17,6.63,60,2023-11-20,4,0,0.04,164.67,5.279034690799397,False,11
SKU-0009,WH-1,Bakery,69,18,6.36,60,2023-01-19,5,1,0.1,113.52,10.849056603773585,False,1
SKU-0013,WH-1,Dairy,4,21,2.72,7,2023-06-11,5,1,0.05,218.56,1.4705882352941175,True,6
SKU-0033,WH-4,Frozen Foods,66,31,2.69,60,2023-05-10,2,0,0.07,233.9,24.53531598513011,True,5
SKU-0049,WH-2,Snacks,86,21,6.79,30,2024-03-17,1,0,0.2,189.27,12.665684830633284,False,3
SKU-0042,WH-3,Snacks,7,31,5.84,7,2024-02-14,4,1,0.19,226.99,1.1986301369863015,False,2
SKU-0028,WH-4,Bakery,46,34,2.12,60,2024-04-03,2,1,0.02,190.07,21.69811320754717,True,4
SKU-0022,WH-2,Beverages,15,21,3.8,180,2023-09-12,4,1,0.2,194.98,3.947368421052632,True,9
SKU-0034,WH-3,Fresh Produce,29,22,1.64,180,2023-08-06,3,0,0.03,298.5,17.682926829268293,True,8
SKU-0028,WH-5,Dairy,64,34,6.88,90,2023-05-31,4,1,0.12,117.82,9.30232558139535,False,5
SKU-0007,WH-1,Snacks,31,10,6.28,180,2023-06-01,4,1,0.16,241.75,4.936305732484076,False,6
SKU-0029,WH-5,Bakery,13,13,3.38,60,2023-03-27,2,1,0.07,176.18,3.8461538461538463,True,3
SKU-0023,WH-4,Fresh Produce,1,36,2.77,180,2024-03-21,1,1,0.06,179.4,0.36101083032490977,True,3
SKU-0040,WH-4,Snacks,22,35,6.21,180,2024-02-10,6,0,0.18,199.39,3.5426731078904994,False,2
SKU-0005,WH-4,Snacks,85,37,8.59,90,2024-02-15,2,0,0.1,179.44,9.89522700814901,False,2
SKU-0002,WH-2,Frozen Foods,37,27,6.47,180,2024-02-05,6,1,0.18,273.61,5.7187017001545595,False,2
SKU-0003,WH-2,Fresh Produce,5,12,8.01,14,2024-02-03,4,1,0.16,164.51,0.6242197253433208,False,2
SKU-0024,WH-4,Frozen Foods,34,11,1.96,7,2023-11-06,3,0,0.07,295.12,17.346938775510203,True,11
SKU-0044,WH-4,Snacks,9,34,5.96,30,2023-08-16,5,0,0.17,284.55,1.5100671140939597,False,8
SKU-0037,WH-2,Frozen Foods,13,10,6.26,30,2023-07-23,6,1,0.17,163.51,2.07667731629393,False,7
SKU-0042,WH-3,Dairy,98,18,8.34,7,2023-01-14,5,0,0.07,113.63,11.750599520383693,False,1
SKU-0032,WH-5,Beverages,97,13,1.78,90,2023-03-02,4,1,0.02,255.34,54.49438202247191,True,3
SKU-0050,WH-3,Bakery,95,37,3.46,60,2023-04-20,6,1,0.18,155.55,27.45664739884393,True,4
SKU-0045,WH-4,Dairy,62,15,0.5,7,2023-03-11,3,0,0.12,230.04,124.0,True,3
SKU-0029,WH-2,Bakery,82,28,5.86,60,2023-02-14,2,1,0.09,111.63,13.993174061433447,False,2
SKU-0043,WH-3,Bakery,10,27,1.05,7,2023-10-09,1,1,0.09,134.13,9.523809523809524,True,10
SKU-0020,WH-2,Bakery,20,18,7.94,180,2024-04-19,6,0,0.02,238.43,2.5188916876574305,False,4
SKU-0024,WH-5,Dairy,96,13,6.52,7,2023-04-13,1,0,0.05,144.16,14.723926380368098,False,4
SKU-0016,WH-4,Fresh Produce,92,29,6.73,30,2023-10-11,6,1,0.09,126.14,13.670133729569093,False,10
SKU-0030,WH-5,Dairy,62,39,6.71,90,2024-03-28,3,0,0.07,182.83,9.23994038748137,False,3
SKU-0005,WH-3,Beverages,13,16,7.47,180,2024-01-04,6,1,0.19,149.72,1.7402945113788488,False,1
SKU-0034,WH-4,Beverages,61,36,4.48,90,2023-02-07,6,0,0.05,252.06,13.616071428571427,True,2
SKU-0021,WH-1,Beverages,57,33,5.59,60,2023-12-15,1,1,0.06,266.86,10.196779964221825,False,12
SKU-0009,WH-5,Bakery,84,30,8.11,90,2023-04-04,5,0,0.01,174.28,10.357583230579532,False,4
SKU-0028,WH-5,Fresh Produce,59,20,4.82,7,2023-09-23,4,0,0.05,129.85,12.240663900414937,True,9
SKU-0020,WH-2,Dairy,67,11,3.58,30,2024-04-23,4,0,0.13,262.14,18.71508379888268,True,4
SKU-0023,WH-5,Snacks,92,29,8.67,7,2023-05-09,2,0,0.16,278.42,10.611303344867359,False,5
SKU-0041,WH-5,Snacks,63,26,6.76,14,2023-11-17,1,1,0.14,187.52,9.319526627218934,False,11
SKU-0040,WH-5,Fresh Produce,28,10,8.49,90,2023-11-25,2,0,0.05,256.23,3.297997644287397,False,11
SKU-0038,WH-5,Dairy,27,20,5.21,14,2023-12-04,3,1,0.09,145.39,5.182341650671785,False,12
SKU-0037,WH-1,Fresh Produce,16,37,4.78,7,2023-01-24,5,1,0.03,247.49,3.3472803347280333,True,1
SKU-0042,WH-2,Frozen Foods,64,32,6.96,60,2023-11-13,5,0,0.01,249.24,9.195402298850574,False,11
SKU-0032,WH-5,Snacks,0,22,8.12,180,2023-06-04,3,1,0.0,291.3,0.0,False,6
SKU-0016,WH-4,Snacks,20,17,3.86,60,2023-02-07,6,0,0.2,294.15,5.181347150259067,True,2
SKU-0011,WH-4,Beverages,82,16,7.95,60,2023-08-26,3,0,0.03,119.68,10.314465408805031,False,8
SKU-0022,WH-5,Dairy,93,31,7.76,30,2024-03-17,2,1,0.0,116.43,11.984536082474227,False,3
SKU-0047,WH-3,Beverages,91,26,3.31,14,2024-01-25,1,1,0.2,233.47,27.492447129909365,True,1
SKU-0033,WH-5,Fresh Produce,66,26,2.93,30,2023-05-04,4,1,0.15,228.78,22.525597269624573,True,5
SKU-0008,WH-3,Beverages,61,27,3.56,14,2023-03-14,4,0,0.06,295.99,17.134831460674157,True,3
SKU-0004,WH-3,Beverages,12,30,9.24,90,2023-08-03,4,0,0.03,108.75,1.2987012987012987,False,8
SKU-0011,WH-3,Frozen Foods,16,17,6.19,180,2023-06-10,1,0,0.07,186.42,2.5848142164781907,False,6
SKU-0049,WH-2,Beverages,88,27,9.46,90,2023-08-28,6,1,0.19,235.2,9.302325581395348,False,8
SKU-0020,WH-4,Fresh Produce,50,23,0.62,7,2024-04-28,5,1,0.06,263.19,80.64516129032258,True,4
SKU-0033,WH-4,Dairy,38,26,2.96,14,2023-10-26,2,1,0.13,144.21,12.837837837837839,True,10
SKU-0004,WH-1,Snacks,7,23,7.42,60,2023-11-02,4,1,0.01,164.01,0.9433962264150944,False,11
SKU-0019,WH-5,Fresh Produce,21,20,3.06,7,2023-08-09,4,0,0.01,132.96,6.862745098039215,True,8
SKU-0017,WH-3,Beverages,28,30,7.4,30,2023-01-24,3,1,0.19,197.68,3.7837837837837838,False,1
SKU-0004,WH-5,Frozen Foods,22,33,3.75,14,2023-07-05,6,1,0.11,218.07,5.866666666666666,True,7
SKU-0005,WH-4,Frozen Foods,55,12,3.33,60,2024-01-27,3,1,0.03,118.75,16.516516516516518,True,1
SKU-0040,WH-5,Fresh Produce,24,14,2.02,14,2023-02-19,2,1,0.11,262.35,11.881188118811881,True,2
SKU-0024,WH-3,Frozen Foods,4,12,9.92,30,2024-01-22,3,0,0.08,260.01,0.40322580645161293,False,1
SKU-0013,WH-5,Frozen Foods,88,19,7.55,60,2023-09-14,6,0,0.12,137.6,11.655629139072849,False,9
SKU-0003,WH-1,Dairy,40,25,7.95,180,2023-06-20,4,1,0.1,269.61,5.031446540880503,False,6
SKU-0034,WH-4,Dairy,57,31,8.41,90,2024-04-02,6,0,0.04,291.61,6.777645659928656,False,4
SKU-0021,WH-5,Snacks,19,20,7.68,14,2023-07-21,6,1,0.18,299.27,2.4739583333333335,False,7
SKU-0038,WH-3,Frozen Foods,3,24,4.76,90,2023-09-30,4,1,0.16,143.44,0.6302521008403361,True,9
SKU-0046,WH-5,Snacks,25,14,6.8,60,2024-02-22,6,0,0.14,100.64,3.6764705882352944,False,2
SKU-0024,WH-3,Bakery,37,23,3.88,7,2023-08-02,1,1,0.08,180.47,9.536082474226804,True,8
SKU-0047,WH-1,Frozen Foods,70,13,5.35,60,2023-05-16,3,0,0.01,216.0,13.08411214953271,False,5
SKU-0047,WH-1,Frozen Foods,54,29,5.83,60,2023-03-29,6,1,0.1,219.87,9.262435677530018,False,3
SKU-0010,WH-2,Fresh Produce,18,37,8.34,90,2024-04-30,1,0,0.13,129.8,2.158273381294964,False,4
SKU-0013,WH-1,Beverages,23,22,7.59,30,2023-08-03,2,0,0.14,257.72,3.0303030303030303,False,8
SKU-0027,WH-2,Beverages,63,28,4.68,90,2024-02-01,4,1,0.02,247.1,13.461538461538462,True,2
SKU-0048,WH-1,Bakery,96,27,4.03,14,2023-09-23,1,0,0.12,247.13,23.821339950372206,True,9
SKU-0036,WH-3,Bakery,74,34,9.36,60,2023-09-27,5,1,0.03,227.51,7.905982905982906,False,9
SKU-0021,WH-2,Beverages,19,25,2.19,90,2023-06-25,6,1,0.2,249.44,8.67579908675799,True,6
SKU-0044,WH-3,Frozen Foods,8,35,6.08,60,2023-04-09,1,0,0.11,295.93,1.3157894736842106,False,4
SKU-0018,WH-5,Snacks,2,22,7.15,14,2024-04-27,6,1,0.17,154.61,0.2797202797202797,False,4
SKU-0050,WH-3,Bakery,80,36,3.34,14,2023-12-20,5,1,0.01,270.55,23.952095808383234,True,12
SKU-0021,WH-4,Snacks,25,28,4.08,90,2024-04-23,5,1,0.1,187.04,6.127450980392156,True,4
SKU-0019,WH-1,Frozen Foods,63,14,7.21,180,2023-10-06,2,1,0.02,245.59,8.737864077669903,False,10
SKU-0026,WH-3,Dairy,34,10,7.91,30,2023-01-22,4,1,0.15,131.78,4.298356510745891,False,1
SKU-0046,WH-1,Snacks,59,21,1.79,60,2023-12-02,4,1,0.13,291.32,32.960893854748605,True,12
SKU-0048,WH-4,Dairy,29,33,1.04,14,2024-02-28,6,1,0.01,155.14,27.884615384615383,True,2
SKU-0036,WH-3,Dairy,54,37,7.98,7,2023-11-12,2,0,0.05,251.88,6.7669172932330826,False,11
SKU-0016,WH-1,Bakery,88,22,3.05,90,2023-04-26,1,0,0.1,106.72,28.852459016393443,True,4
SKU-0004,WH-1,Beverages,83,27,9.11,30,2024-01-03,1,1,0.07,163.04,9.11086717892426,False,1
SKU-0007,WH-2,Fresh Produce,90,16,1.32,90,2024-04-20,2,0,0.15,209.66,68.18181818181817,True,4
SKU-0027,WH-4,Beverages,87,24,8.88,180,2023-04-13,5,1,0.01,183.76,9.797297297297296,False,4
SKU-0021,WH-3,Bakery,13,34,5.2,7,2024-04-09,5,0,0.05,230.83,2.5,False,4
SKU-0042,WH-5,Dairy,89,14,5.87,90,2024-01-14,3,0,0.06,289.41,15.161839863713798,False,1
SKU-0012,WH-4,Dairy,11,34,2.24,7,2024-03-04,1,1,0.03,145.06,4.910714285714286,True,3
SKU-0032,WH-2,Bakery,70,31,5.83,30,2024-03-24,1,0,0.2,145.48,12.006861063464838,False,3
SKU-0001,WH-3,Frozen Foods,27,35,5.65,90,2023-02-24,6,1,0.11,222.58,4.778761061946902,False,2
SKU-0019,WH-4,Bakery,69,11,5.1,90,2023-09-26,5,1,0.03,232.84,13.529411764705884,False,9
SKU-0009,WH-5,Beverages,56,11,1.43,30,2023-04-09,3,0,0.13,209.09,39.16083916083916,True,4
SKU-0022,WH-2,Bakery,87,24,5.37,60,2023-11-28,4,1,0.07,295.61,16.201117318435752,False,11
SKU-0046,WH-2,Fresh Produce,62,26,2.41,180,2023-06-22,5,1,0.03,166.04,25.72614107883817,True,6
SKU-0037,WH-2,Dairy,85,24,2.45,90,2024-03-14,5,1,0.13,132.32,34.69387755102041,True,3
SKU-0028,WH-5,Snacks,13,36,9.49,7,2023-07-25,2,0,0.15,211.6,1.36986301369863,False,7
SKU-0012,WH-2,Beverages,65,34,1.39,30,2024-04-24,3,0,0.18,207.74,46.76258992805756,True,4
SKU-0001,WH-3,Beverages,98,15,4.03,14,2023-08-17,1,1,0.08,118.68,24.317617866004962,True,8
SKU-0022,WH-3,Frozen Foods,68,28,2.36,180,2023-10-21,4,0,0.1,157.43,28.8135593220339,True,10
SKU-0017,WH-3,Bakery,91,18,5.99,14,2023-02-01,5,0,0.06,228.53,15.191986644407345,False,2
SKU-0030,WH-3,Dairy,14,25,9.02,60,2023-12-18,2,1,0.03,239.18,1.5521064301552108,False,12
SKU-0045,WH-1,Bakery,11,11,3.51,30,2023-07-08,3,0,0.07,279.44,3.133903133903134,True,7
SKU-0015,WH-2,Beverages,39,15,1.84,14,2023-08-21,1,1,0.01,172.74,21.195652173913043,True,8
SKU-0027,WH-5,Beverages,31,37,8.29,90,2024-02-15,5,0,0.09,223.06,3.739445114595899,False,2
SKU-0049,WH-2,Bakery,18,18,8.13,90,2024-03-23,6,0,0.06,297.68,2.214022140221402,False,3
SKU-0034,WH-4,Frozen Foods,20,39,6.53,180,2023-07-05,4,0,0.2,295.96,3.0627871362940273,False,7
SKU-0037,WH-1,Fresh Produce,58,32,1.73,90,2024-04-07,5,0,0.11,205.48,33.52601156069364,True,4
SKU-0037,WH-5,Dairy,24,29,8.96,14,2023-06-17,6,1,0.08,294.69,2.6785714285714284,False,6
SKU-0008,WH-2,Bakery,91,38,3.32,90,2023-09-08,6,0,0.11,242.05,27.40963855421687,True,9
SKU-0033,WH-4,Fresh Produce,43,34,4.98,60,2023-03-09,4,1,0.09,171.56,8.63453815261044,True,3
SKU-0030,WH-5,Fresh Produce,97,31,8.37,90,2023-08-25,4,1,0.11,148.87,11.589008363201913,False,8
SKU-0047,WH-1,Beverages,27,33,1.33,30,2024-02-23,1,0,0.05,128.39,20.30075187969925,True,2
SKU-0048,WH-2,Frozen Foods,40,28,4.78,7,2023-01-24,2,1,0.12,187.1,8.368200836820083,True,1
SKU-0023,WH-1,Frozen Foods,21,26,8.49,7,2024-04-23,3,0,0.17,150.79,2.4734982332155475,False,4
SKU-0031,WH-1,Snacks,32,29,7.52,60,2023-04-03,2,0,0.07,237.27,4.25531914893617,False,4
SKU-0050,WH-4,Snacks,27,24,2.16,60,2023-08-18,1,1,0.13,298.35,12.5,True,8
SKU-0025,WH-1,Bakery,86,12,7.09,180,2024-03-23,1,0,0.04,172.08,12.129760225669958,False,3
SKU-0042,WH-3,Fresh Produce,20,12,7.75,14,2023-10-03,5,1,0.13,287.66,2.5806451612903225,False,10
SKU-0034,WH-2,Bakery,75,26,7.78,14,2024-03-03,3,0,0.01,279.77,9.640102827763496,False,3
SKU-0049,WH-1,Snacks,96,15,6.87,60,2023-12-11,3,1,0.02,189.41,13.973799126637555,False,12
SKU-0035,WH-4,Dairy,37,23,8.71,14,2023-08-24,6,1,0.08,295.36,4.247990815154994,False,8
SKU-0010,WH-3,Dairy,77,36,4.51,180,2024-01-27,1,0,0.08,105.44,17.073170731707318,True,1
SKU-0003,WH-4,Frozen Foods,86,31,8.65,7,2023-05-04,3,0,0.19,265.21,9.942196531791907,False,5
SKU-0005,WH-1,Frozen Foods,18,18,8.47,7,2023-08-17,5,0,0.19,245.33,2.125147579693034,False,8
SKU-0016,WH-1,Beverages,18,24,4.77,60,2023-04-30,6,0,0.02,113.67,3.773584905660378,True,4
SKU-0049,WH-1,Dairy,80,39,0.94,90,2023-05-29,1,0,0.09,160.25,85.1063829787234,True,5
SKU-0047,WH-5,Snacks,74,30,3.32,90,2023-11-03,3,1,0.15,219.76,22.289156626506024,True,11
SKU-0016,WH-3,Dairy,67,37,8.6,180,2023-09-24,1,0,0.07,168.08,7.790697674418605,False,9
SKU-0027,WH-3,Snacks,54,25,2.78,7,2023-10-13,1,0,0.06,185.84,19.424460431654676,True,10
SKU-0041,WH-4,Frozen Foods,10,23,8.63,60,2023-01-25,5,1,0.01,266.27,1.1587485515643103,False,1
SKU-0042,WH-4,Frozen Foods,66,21,1.59,30,2023-12-23,5,1,0.11,106.53,41.50943396226415,True,12
SKU-0027,WH-2,Snacks,34,26,1.11,60,2023-04-05,1,1,0.01,238.89,30.630630630630627,True,4
SKU-0016,WH-2,Snacks,39,21,9.15,180,2023-03-15,6,1,0.15,220.38,4.2622950819672125,False,3
SKU-0004,WH-5,Beverages,25,29,4.71,60,2023-10-13,5,0,0.13,218.34,5.307855626326964,True,10
SKU-0025,WH-2,Snacks,28,28,2.76,14,2023-06-19,4,0,0.02,176.9,10.144927536231885,True,6
SKU-0029,WH-3,Fresh Produce,44,12,6.7,90,2024-01-06,2,0,0.05,194.58,6.567164179104477,False,1
SKU-0004,WH-3,Beverages,0,17,6.52,180,2023-11-06,6,0,0.18,100.58,0.0,False,11
SKU-0005,WH-2,Frozen Foods,60,21,6.24,180,2023-12-10,3,0,0.03,155.36,9.615384615384615,False,12
SKU-0031,WH-2,Snacks,64,34,3.65,30,2024-04-10,1,0,0.12,193.95,17.534246575342465,True,4
SKU-0014,WH-2,Bakery,47,22,5.01,7,2024-01-18,1,1,0.1,101.1,9.3812375249501,False,1
SKU-0016,WH-5,Bakery,45,26,2.58,14,2023-07-23,3,0,0.17,156.98,17.441860465116278,True,7
SKU-0036,WH-3,Snacks,38,30,4.67,60,2023-08-27,6,1,0.08,108.88,8.137044967880085,True,8
SKU-0020,WH-3,Snacks,8,33,1.33,90,2024-03-27,1,1,0.16,206.32,6.015037593984962,True,3
SKU-0030,WH-1,Bakery,58,16,5.96,60,2024-01-25,5,1,0.14,108.97,9.731543624161073,False,1
SKU-0014,WH-3,Snacks,10,22,9.33,60,2023-01-24,5,0,0.08,184.37,1.0718113612004287,False,1
SKU-0048,WH-2,Fresh Produce,75,17,9.12,30,2023-10-11,5,1,0.05,234.92,8.223684210526317,False,10
SKU-0019,WH-2,Dairy,32,22,7.33,30,2023-04-28,4,1,0.16,100.31,4.365620736698499,False,4
SKU-0037,WH-2,Beverages,90,23,0.99,90,2023-12-02,5,1,0.17,108.11,90.9090909090909,True,12
SKU-0017,WH-4,Bakery,83,27,2.94,180,2024-01-14,4,1,0.08,191.25,28.231292517006803,True,1
SKU-0030,WH-2,Bakery,81,14,1.65,30,2023-03-28,4,0,0.11,280.06,49.09090909090909,True,3
SKU-0047,WH-5,Beverages,75,35,3.55,14,2024-04-14,1,0,0.19,233.71,21.126760563380284,True,4
SKU-0034,WH-1,Fresh Produce,73,11,8.94,180,2023-01-25,5,0,0.0,227.22,8.165548098434005,False,1
SKU-0027,WH-2,Bakery,72,34,1.97,14,2023-02-04,3,0,0.14,124.11,36.54822335025381,True,2
SKU-0001,WH-2,Frozen Foods,1,38,1.13,60,2023-07-11,6,0,0.03,102.34,0.8849557522123894,True,7
SKU-0040,WH-5,Beverages,11,12,4.76,180,2023-09-07,5,0,0.08,282.03,2.3109243697478994,True,9
SKU-0001,WH-5,Frozen Foods,61,26,2.55,60,2023-01-07,1,0,0.15,230.46,23.92156862745098,True,1
SKU-0034,WH-3,Frozen Foods,27,30,7.08,30,2023-01-09,2,1,0.08,115.52,3.8135593220338984,False,1
SKU-0012,WH-1,Fresh Produce,72,30,8.69,90,2023-03-18,6,0,0.09,259.68,8.285385500575375,False,3
SKU-0013,WH-5,Frozen Foods,66,12,8.65,30,2024-02-22,1,1,0.09,163.77,7.630057803468207,False,2
SKU-0018,WH-4,Fresh Produce,47,35,4.02,30,2023-07-27,6,1,0.14,237.68,11.691542288557216,True,7
SKU-0037,WH-2,Bakery,38,11,2.09,14,2023-06-03,5,0,0.13,108.96,18.181818181818183,True,6
SKU-0042,WH-1,Fresh Produce,64,10,9.49,60,2023-07-14,3,1,0.01,229.16,6.743940990516333,False,7
SKU-0036,WH-4,Fresh Produce,91,12,3.74,180,2023-01-05,3,0,0.08,162.24,24.331550802139034,True,1
SKU-0006,WH-4,Beverages,37,14,5.55,180,2024-02-06,4,1,0.12,211.94,6.666666666666667,False,2
SKU-0037,WH-1,Frozen Foods,30,13,2.09,7,2023-04-28,2,0,0.1,105.51,14.354066985645934,True,4
